ID,Document Name,Classification,Confidence,Received Date,Sender Name,Key Claims,Requested Actions,Deadline,Created At,Updated At
1,01_copyright_infringement_photography.pdf,CEASE,99.00%,2026-03-21 19:54:19,Priya Nair,"Copyright infringement of 14 original photographs (Registration No. VA-2025-004821), Violation of 17 U.S.C. §§ 106, 501, and 504","Immediately remove all 14 photographs from www.leafstyleboutique.com, associated social‑media accounts, and any third‑party platforms, Destroy all printed materials (catalogs, flyers, banners) containing the photographs, Provide a complete accounting of all revenues generated using the photographs, including ad impressions, click‑through metrics, and sales figures, Pay statutory damages of $42,000 (fourteen images × $3,000 per image) within 30 days of receipt, Provide a signed written undertaking that no further unauthorized use will occur","April 9, 2026",2026-03-21 19:54:21,2026-03-21 19:54:21
2,02_trademark_infringement_tech.pdf,CEASE,99.00%,2026-03-21 20:04:52,"Jonathan Marks, Esq.","Trademark infringement of the federally registered 'NOVACORE' mark (U.S. Reg. No. 6,891,204), Unfair competition and likelihood of consumer confusion, Violation of 15 U.S.C. §§ 1114 and 1125(a) (Lanham Act)","Cease all use of the name 'NovaCORE Suite' or any confusingly similar variant in connection with software, cloud services, or related goods and services., Remove the mark from all websites, product documentation, marketing collateral, app stores, and social-media profiles within 15 business days., Transfer the domain name novacore-suite.io to the client or disable and permanently retire it., Provide written confirmation that all inventory bearing the infringing mark has been destroyed or re‑branded., Agree not to adopt any mark confusingly similar to NOVACORE in the future.","March 30, 2026",2026-03-21 20:04:54,2026-03-21 20:04:54
3,03_trade_secret_misappropriation.pdf,CEASE,99.00%,2026-03-21 20:05:35,"Angela Morrison, Esq.","Violation of the Defend Trade Secrets Act (18 U.S.C. § 1836), Violation of the Massachusetts Uniform Trade Secrets Act (Mass. Gen. Laws ch. 93, § 42), Misappropriation of trade secrets, Breach of non‑disclosure agreements by former employees, Unauthorized transfer of a confidential client dataset","Immediately cease all use, reproduction, and distribution of Quantivia proprietary algorithms, source code, and datasets., Conduct a forensic audit of all systems and repositories at Pinnacle Data Solutions, overseen by an independent third‑party forensic firm, to identify and quarantine all Quantivia materials., Return or certify the destruction of all confidential materials, including any derivatives or copies., Provide a sworn declaration from each of the three former employees detailing the materials accessed, copied, or transferred., Pay compensatory damages of $850,000 representing lost licensing revenue and remediation costs.","February 14, 2026",2026-03-21 20:05:37,2026-03-21 20:05:37
4,04_defamation_online_review.pdf,CEASE,99.00%,2026-03-21 20:06:11,Dr. Samantha Ellis,"Violation of Oregon Revised Statutes § 31.150 et seq. (defamation), Common-law tortious interference with business relations, False statements alleging use of unlicensed practitioners, fraudulent billing, and a non‑existent Oregon Medical Board investigation","Immediately delete all defamatory posts and reviews on Google, Yelp, Reddit, and any other platform where such statements were published, Publish a retraction on each platform acknowledging that the statements were false and unsubstantiated, Refrain from making any further public statements regarding Ellis Integrative Health Clinic, its practitioners, or its business practices, Pay $25,000 in damages representing lost revenue","March 24, 2026",2026-03-21 20:06:13,2026-03-21 20:06:13
5,05_patent_infringement_medical_device.pdf,CEASE,99.00%,2026-03-21 20:07:08,"Robert Tannenbaum, Esq.","Infringement of U.S. Patent No. 11,234,567 ('Wireless Biometric Sensor Array for Continuous Patient Monitoring'), Infringement of U.S. Patent No. 11,345,678 ('Adaptive Signal Processing Method for Wearable Health Devices'), Violation of 35 U.S.C. §§ 271, 281, 283, and 284","Immediately cease manufacture, marketing, sale, and distribution of the SyncPulse Pro and any other infringing products, Recall all SyncPulse Pro units from distribution channels and retail partners, Provide a full accounting of all units manufactured, sold, and currently in inventory, together with revenue generated to date, Enter into a licensing agreement with VitaWave Medical Technologies on commercially reasonable terms, or alternatively pay a lump‑sum royalty of $1.2 million for past infringement, Submit to an independent technical audit to confirm cessation of infringing activity","March 22, 2026",2026-03-21 20:07:11,2026-03-21 20:07:11
6,LoA1.pdf,CEASE,86.00%,2026-03-21 20:43:05,PINNACLE LAW GROUP,"Client has retained PINNACLE LAW GROUP and granted a limited Power of Attorney., Attorney is authorized to obtain and receive all financial records and related data pertaining to the account., The client demands a cease‑and‑desist of all further communications regarding the account.","Cease and desist all communications regarding the account., Do not contact the client by phone, email, letter, or any other mode of communication.",,2026-03-21 20:43:07,2026-03-21 20:43:07
7,06_harassment_workplace.pdf,CEASE,99.00%,2026-03-21 20:57:40,Linda Fujimoto,"Violation of Title VII of the Civil Rights Act of 1964 (42 U.S.C. § 2000e), Violation of the California Fair Employment and Housing Act (Cal. Gov. Code § 12940), Applicable common‑law tort claims for harassment, discrimination, and retaliation","Immediately cease all harassing, discriminatory, and retaliatory behavior toward the sender., Refrain from making any derogatory or discriminatory remarks about the sender's race, ethnicity, or national origin., Restore the sender's full duties and responsibilities as Senior Account Manager, including client‑facing meetings and presentations., Ensure no retaliatory action is taken against the sender for asserting her rights through this letter or any formal complaint.","March 26, 2026",2026-03-21 20:57:58,2026-03-21 20:57:58
8,07_software_license_violation.pdf,CEASE,99.00%,2026-03-21 20:57:58,"Michael Brennan, Esq.","Violation of 17 U.S.C. § 501 (copyright infringement), Violation of the Computer Fraud and Abuse Act (18 U.S.C. § 1030), Breach of contract under Virginia law, Exceeding the licensed limit of 10 production servers (370% overage), Unauthorized sublicensing to third‑party clients","Decommission all ForgeDB Enterprise installations exceeding the 10‑server license limit, Terminate all sublicensed deployments at Meridian Financial, TrueNorth Logistics, Cascade Health Systems, and any other third‑party environments, Pay retroactive licensing fees of $564,000 for the excess deployments, Submit to an independent software audit within 30 days (at Apex's expense), Execute an amended license agreement reflecting actual usage","February 28, 2026",2026-03-21 20:58:17,2026-03-21 20:58:17
9,08_non_compete_violation.pdf,CEASE,99.00%,2026-03-21 20:58:17,"Patricia Weldon, Esq.","Violation of the Non‑Competition Agreement (Section 3(a)), Violation of the Non‑Solicitation Agreement (Section 4(b)), Breach of contract, Violation of Illinois common law governing restrictive covenants","Resign from Crestview Wealth Management or cease performing any competing financial advisory services in Illinois, Cease all contact and solicitation of former LakePoint clients for the remainder of the non‑solicitation period (through December 15, 2027), Return or facilitate the return of all client relationships and assets transferred as a result of the solicitation, Provide a detailed written account of all LakePoint clients contacted since departure, Confirm in writing the intention to comply with the Agreement for its remaining duration","March 12, 2026",2026-03-21 20:58:36,2026-03-21 20:58:36
10,09_copyright_infringement_music.pdf,CEASE,99.00%,2026-03-21 20:58:36,Carlos Rivera,"Unauthorized use of copyrighted musical compositions, Violation of 17 U.S.C. §§ 106, 501, and 504, Violation of the Digital Millennium Copyright Act (17 U.S.C. § 512), Failure to obtain required synchronization licenses","Immediately remove all content containing the three compositions from every platform (YouTube, TikTok, Apple Podcasts, Spotify, and www.streamwavemedia.com), Provide a complete list of all platforms and channels where the compositions were used, including episode numbers, upload dates, and view/play counts, Pay retroactive synchronization licensing fees and statutory damages totaling $78,000 within 30 days, Enter into a proper licensing agreement if continued use is desired, Provide written assurance that no further unauthorized use will occur","April 6, 2026",2026-03-21 20:58:56,2026-03-21 20:58:56
11,10_breach_of_contract_nda.pdf,CEASE,99.00%,2026-03-21 20:58:56,"Karen Whitfield, Esq.","Violation of California Civil Code §§ 3426 et seq. (Uniform Trade Secrets Act), Common‑law breach of contract (breach of the Mutual Non‑Disclosure Agreement), Breach of the specific NDA terms regarding confidentiality","Immediately cease any further disclosure of Helios Biotech's confidential information to any third party., Provide a complete written account of all individuals and entities to whom confidential information was disclosed, including the specific materials shared., Retrieve and destroy all copies of confidential materials that were distributed, and provide certification of such destruction., Notify Vertex Capital Partners and Horizon Pharma Holdings in writing that the disclosed information is confidential and subject to the NDA, and that they must return or destroy all copies., Pay liquidated damages of $500,000 as stipulated in Section 8(c) of the NDA.","March 14, 2026",2026-03-21 20:59:16,2026-03-21 20:59:16
12,LOA2.pdf,CEASE,96.00%,2026-03-21 20:59:37,"LAW OFFICES OF DONALD A. GREEN, APLC","The client has granted a Limited Power of Attorney to the law office., The attorney is authorized to receive all financial records and negotiate settlement on the client's behalf., The client (or client’s representative) is entitled to have all direct communications halted.","Cease all direct communications (phone calls, emails, letters, or any other correspondence) to the client., Direct all future communications regarding the account to LAW OFFICES OF DONALD A. GREEN, APLC and its authorized representatives.",,2026-03-21 20:59:43,2026-03-21 20:59:43
13,LOA3.pdf,CEASE,95.00%,2026-03-21 20:59:43,Five Lakes Law Group PLLC,"Client has granted Five Lakes Law Group PLLC a Limited Power of Attorney to act on their behalf., All financial records and account information may be released to the attorney., The attorney is authorized to negotiate, make, and receive settlement offers.","Cease and desist all direct communications (phone, email, letters, etc.) with the client., Direct all future communications regarding the account to Five Lakes Law Group PLLC and its authorized representatives., Allow the attorney to negotiate and settle the debt on the client’s behalf.",,2026-03-21 20:59:56,2026-03-21 20:59:56
14,LOA4.pdf,CEASE,96.00%,2026-03-21 20:59:56,Five Lakes Law Group PLLC,"Client has retained Five Lakes Law Group PLLC as legal counsel and granted a limited Power of Attorney., All financial records and account information may be released to the attorney., The attorney is authorized to negotiate, settle, and satisfy the debt on the client’s behalf.","Cease all direct communications (phone, email, letters, etc.) with the client., Direct all future communications regarding the account to Five Lakes Law Group PLLC and its authorized representatives.",,2026-03-21 21:00:10,2026-03-21 21:00:10
15,LOA5.pdf,CEASE,96.00%,2026-03-21 21:00:10,RANDLE L WIDHALM,"The sender has granted Freedom Debt Relief, LLC a limited Power of Attorney to act on their behalf., All financial records and account information must be released to the attorney/agent., The sender authorizes the agent to negotiate, make offers, and settle the debt.","Cease and desist all direct communications (phone, email, letters, etc.) with the sender., Direct all future communications exclusively to Freedom Debt Relief, LLC or its authorized representatives., Release all financial records and related data to Freedom Debt Relief, LLC.",,2026-03-21 21:00:23,2026-03-21 21:00:23
16,LOA6.pdf,CEASE,86.00%,2026-03-21 21:00:23,Bellina Davanzo,"Unauthorized and harassing communications to the sender, Failure to recognize the sender's authorized legal representation","Stop all phone calls, emails, letters, or any other form of contact with the sender, Direct all communications regarding the account to Lakes Law Group PLLC and its authorized representatives, Allow the attorney to negotiate, make offers, and settle the debt on the sender's behalf",,2026-03-21 21:00:53,2026-03-21 21:00:53
17,LOA7.pdf,CEASE,78.00%,2026-03-21 21:00:53,,"LAW OFFICES OF DONALD A GREEN, APLC is authorized to act on the sender's behalf with creditors., All direct communications to the sender must stop; only the law office may be contacted., LAW OFFICES OF DONALD A GREEN, APLC is not a law firm and will not provide legal or tax advice., The law office is entitled to collect fees only after the sender makes at least one payment under a negotiated agreement., The sender's provided information is accurate and the sender consents to any negotiated settlement., The authorization supersedes any prior directives restricting access to the sender's health information.","Cease all telephone calls, emails, letters, or any other form of direct communication to the sender., Direct all future communications to LAW OFFICES OF DONALD A GREEN, APLC or its authorized representatives., Allow LAW OFFICES OF DONALD A GREEN, APLC to contact the sender's creditors to negotiate and arrange debt payments., Permit the law office to obtain debt records, validations, credit reports, and supporting documentation., Authorize disclosure of the sender's individually identifiable health information to medical providers, insurers, or debt collectors as needed.",,2026-03-21 21:01:47,2026-03-21 21:01:47
18,LOA8.pdf,CEASE,75.00%,2026-03-21 21:01:47,Bobbi Garder,"Cordoba Legal Group, LLC is authorized to communicate with creditors and collect information on the sender's behalf., All direct contact with the sender must stop; communications must be routed through Cordoba Legal Group., The sender acknowledges that Cordoba Legal Group, LLC is not a law firm and will not provide legal representation or bankruptcy advice., The sender authorizes the release of individually identifiable health information under HIPAA (42 U.S.C. 1320(d) and 45 C.F.R. 160-164).","Cease all phone calls, emails, letters, or any other form of direct correspondence to the sender., Redirect all future communications regarding the sender's debts to Cordoba Legal Group, LLC or its authorized representatives., Provide Cordoba Legal Group, LLC with any records, debt validations, credit reports, and supporting documentation related to the sender's debts.",,2026-03-21 21:02:11,2026-03-21 21:02:11
19,01_copyright_infringement_photography.pdf_20260321_221507_146565,CEASE,99.00%,2026-03-21 22:15:04,Priya Nair,"Copyright infringement of 14 original photographs (Registration No. VA-2025-004821), Violation of 17 U.S.C. §§ 106, 501, and 504, Unauthorized reproduction, distribution, and public display on website, social‑media, and printed catalogs","Remove all 14 photographs from www.leafstyleboutique.com, associated social‑media accounts, and any third‑party platforms, Destroy all printed materials (catalogs, flyers, banners) containing the photographs, Provide a complete accounting of revenues generated from the infringing use (ad impressions, click‑through metrics, sales figures), Pay statutory damages of $42,000 (fourteen images × $3,000 per image) within 30 days of receipt, Provide a signed written undertaking that no further unauthorized use will occur","April 9, 2026",2026-03-21 22:15:07,2026-03-21 22:15:07
20,LOA9.pdf_20260321_221510_029733,CEASE,78.00%,2026-03-21 22:15:07,Randle L Widhalm,"Authorization granted to Freedom Debt Relief, LLC to communicate with creditors and collection agencies on the signer's behalf., Freedom Debt Relief, LLC is not a law firm and will not provide legal, tax, bankruptcy, or accounting advice., Any collection activity or lawsuit resulting from a default is not caused by participation in the Freedom Debt Relief program., The signer acknowledges that Freedom Debt Relief, LLC may only collect fees after a settlement payment is made., HIPAA release authorizing disclosure of the signer's individually identifiable health information to Freedom Debt Relief, LLC.","Cease all phone calls, emails, letters, and any other forms of direct communication to the signer., Redirect all future communications regarding the signer's debts to Freedom Debt Relief, LLC or its authorized representatives.",,2026-03-21 22:15:10,2026-03-21 22:15:10
